Year,2016,,,,2012,,,2008,,,2004,,,2000,,,,1996,,,,1992,,,,1988,,,1984,,,1980,,,,1976,,,1972,,,1968,,,,1964,,,1960,,,,1956,,,,1952,,,1948,,,,,1944,,,1940,,,1936,,,1932,,,,1928,,,1924,,,,1920,,,,1916,,,,1912,,,,,1908,,,,1904,,,,1900,,,1896,,,1892,,,,1888,,,1884,,,1880,,,,1876,,,1872,,,1868,,,1864,,,1860,,,,,1856,,,,1852,,,,1848,,,,1844,,,,1840,,,1836,,,,,1832,,,,1828,,
State,Total,"Clinton, Hillary","Trump, Donald","Johnson, Gary",Total,"Obama, Barack","Romney, Mitt",Total,"Obama, Barack","McCain, John",Total,"Kerry, John","Bush, George W.",Total,"Gore, Al","Bush, George W.","Nader, Ralph",Total,"Clinton, Bill","Dole, Bob","Perot, Ross",Total,"Clinton, Bill","Bush, George H.W.","Perot, Ross",Total,"Dukakis, Michael","Bush, George H.W.",Total,"Mondale, Walter","Reagan, Ronald",Total,"Carter, Jimmy","Reagan, Ronald","Anderson, John",Total,"Carter, Jimmy","Ford, Gerald",Total,"McGovern, George","Nixon, Richard",Total,"Humphrey, Hubert","Nixon, Richard","Wallace, George",Total,"Johnson, Lyndon (LBJ)","Goldwater, Barry",Total,"Kennedy, Jack (JFK)","Nixon, Richard","Other (Unpledge Democratic, etc.)",Total,"Stevenson, Adlai","Eisenhower, Dwight","Other (Unpledged Democratic, etc.)",Total,"Stevenson, Adlai","Eisenhower, Dwight",Total,"Truman, Harry","Dewey, Thomas","Thurmond, Strom","Wallace, Henry",Total,"Roosevelt, Franklin (FDR)","Dewey, Thomas",Total,"Roosevelt, Franklin (FDR)","Wilkie, Wendell",Total,"Roosevelt, Franklin (FDR)","Landon, Alf",Total,"Roosevelt, Franklin (FDR)","Hoover, Herbert","Thomas, Norman",Total,"Smith, Al","Hoover, Herbert",Total,"Davis, John","Coolidge, Calvin","LaFollette, Robert",Total,"Cox, John","Harding, Warren","Debs, Eugene",Total,"Wilson, Woodrow","Hughes, Charles","Benson, Allan",Total,"Wilson, Woodrow","Taft, William","Roosevelt, Theodore ""Teddy""","Debs, Eugene",Total,"Bryan, William","Taft, William","Debs, Eugene",Total,"Parker, Alton","Roosevelt, Theodore (Teddy)","Debs, Eugene",Total,"Bryan, William","McKinley, William",Total,"Bryan, William","McKinley, William",Total,"Cleveland, Grover","Harrison, Benjamin","Weaver, James",Total,"Cleveland, Grover","Harrison, Benjamin",Total,"Cleveland, Grover","Blaine, James",Total,"Hancock, Winfield","Garfield, James","Weaver, James",Total,"Tilden, Samuel","Hayes, Rutherford",Total,"Greeley, Horace","Grant, Ulysses",Total,"Seymour, Horatio","Grant, Ulysses",Total,"McClellan, George","Lincoln, Abraham",Total,"Douglas, Stephen","Lincoln, Abraham","Breckinridge, John","Bell, John",Total,"Buchanan, James","Fremont, John","Fillmore, Millard",Total,"Pierce, Franklin","Scott, Winfield","Hale, John",Total,"Cass, Lewis","Taylor, Zachary","Van Buren, Martin",Total,"Polk, James","Clay, Henry","Birney, James",Total,"Van Buren, Martin","Harrison, William",Total,"Van Buren, Martin","Harrison, William","White, Hugh","Webster, Daniel",Total,"Jackson, Andrew","Clay, Henry","Wirt, William",Total,"Jackson, Andrew","Adams, John Quincy"
State,Total,Democratic,Republican,Libertarian,Total,Democratic,Republican,Total,Democratic,Republican,Total,Democratic,Republican,Total,Democratic,Republican,Green,Total,Democratic,Republican,Reform,Total,Democratic,Republican,Independent,Total,Democratic,Republican,Total,Democratic,Republican,Total,Democratic,Republican,Independent,Total,Democratic,Republican,Total,Democratic,Republican,Total,Democratic,Republican,American Independent,Total,Democratic,Republican,Total,Democratic,Republican,"Other (Unpledge Democratic, etc.)",Total,Democratic,Republican,"Other (Unpledged Democratic, etc.)",Total,Democratic,Republican,Total,Democratic,Republican,"States' Rights ""Dixiecrat""",Progressive,Total,Democratic,Republican,Total,Democratic,Republican,Total,Democratic,Republican,Total,Democratic,Republican,Socialist,Total,Democratic,Republican,Total,Democratic,Republican,Progressive,Total,Democratic,Republican,Socialist,Total,Democratic,Republican,Socialist,Total,Democratic,Republican,"Progressive ""Bull Moose""",Socialist,Total,Democratic,Republican,Socialist,Total,Democratic,Republican,Socialist,Total,Democratic,Republican,Total,Democratic,Republican,Total,Democratic,Republican,Populist,Total,Democratic,Republican,Total,Democratic,Republican,Total,Democratic,Republican,Greenback,Total,Democratic,Republican,Total,Liberal Republican/Democratic,Republican,Total,Democratic,Republican,Total,Democratic,National Union (Republican),Total,(Northern) Democratic,Republican,Southern Democratic,Constitutional Union,Total,Democratic,Republican,"Fillmore, Millard",Total,Democratic,Whig,Free Soil,Total,Democratic,Whig,Free Soil,Total,Democratic,Whig,Liberty,Total,Democratic,Whig,Total,Democratic,Whig,Whig,Whig,Total,Democratic,National Republican,Anti-Masonic,Total,Democratic,National Republican
Nationwide,1,0.48034,0.45941,0.03274,1,0.51006,0.4715,1,0.52862,0.45599,1,0.48263,0.50726,1,0.48384,0.47865,0.02735,1,0.49234,0.40715,0.08398,1,0.43006,0.37447,0.18907,1,0.45646,0.53373,1,0.40557,0.58773,1,0.41013,0.5075,0.06612,1,0.50075,0.48011,1,0.37525,0.60672,1,0.42721,0.4342,0.13526,1,0.61053,0.3847,1,0.49716,0.49552,0.00731,1,0.41966,0.57365,0.00669,1,0.44331,0.55181,1,0.49553,0.45069,0.0241,0.02372,1,0.53386,0.45893,1,0.54724,0.44775,1,0.60799,0.36543,1,0.57409,0.39649,0.02226,1,0.40794,0.58216,1,0.28819,0.54031,0.16615,1,0.3412,0.60348,0.03413,1,0.49246,0.46112,0.03183,1,0.41835,0.23183,0.27388,0.05987,1,0.43044,0.5157,0.02827,1,0.37588,0.56418,0.02978,1,0.45515,0.51644,1,0.4671,0.51024,1,0.46022,0.43013,0.08507,1,0.48628,0.47798,1,0.48851,0.48279,1,0.48216,0.48314,0.03321,1,0.5092,0.47919,1,0.43784,0.55585,1,0.47336,0.52663,1,0.44951,0.55032,1,0.29521,0.39647,0.18197,0.12624,1,0.45294,0.3309,0.2154,1,0.50827,0.43879,0.04931,1,0.4249,0.47283,0.10132,1,0.49543,0.48085,0.02295,1,0.46821,0.5287,1,0.50791,0.36592,0.09722,0.02742,1,0.54742,0.36932,0.07776,1,0.55934,0.43679
Alabama,1,0.34358,0.62083,0.02094,1,0.38359,0.60546,1,0.3874,0.60317,1,0.36844,0.6246,1,0.41589,0.56465,0.01097,1,0.43156,0.50122,0.06006,1,0.4088,0.47645,0.10847,1,0.39863,0.59165,1,0.38281,0.60542,1,0.47449,0.4875,0.01228,1,0.55727,0.42615,1,0.25537,0.72429,1,0.18723,0.13994,0.65855,1,0.0,0.69451,1,0.56389,0.4216,0.01451,1,0.56523,0.39385,0.04092,1,0.64553,0.35021,1,0.0,0.19039,0.79748,0.00708,1,0.81276,0.18199,1,0.85217,0.14338,1,0.86383,0.12823,1,0.84739,0.14133,0.00827,1,0.51328,0.48488,1,0.69686,0.25016,0.04952,1,0.61681,0.37106,0.00923,1,0.76043,0.21925,0.01466,1,0.6994,0.08244,0.19242,0.0257,1,0.70746,0.24309,0.01379,1,0.73353,0.20657,0.00784,1,0.60823,0.34825,1,0.66964,0.28612,1,0.59402,0.03949,0.36545,1,0.67004,0.32657,1,0.60366,0.38694,1,0.59993,0.37096,0.02911,1,0.59982,0.40017,1,0.4681,0.5319,1,0.48746,0.5125,1,0,0,1,0.15111,0.0,0.54003,0.30886,1,0.62078,0.0,0.37922,1,0.6089,0.34116,0.0,1,0.50557,0.49436,0.0,1,0.58989,0.41011,0.0,1,0.54384,0.45616,1,0.55336,0.0,0.44664,0.0,1,0.99965,0.00035,0.0,1,0.89892,0.10087
Alaska,1,0.36551,0.51282,0.05877,1,0.40813,0.54802,1,0.37889,0.59425,1,0.35517,0.61065,1,0.27666,0.58621,0.10067,1,0.33267,0.50801,0.10899,1,0.30287,0.39457,0.28425,1,0.36271,0.59591,1,0.29868,0.66654,1,0.26408,0.54348,0.0704,1,0.35653,0.57905,1,0.34622,0.58128,1,0.42646,0.45282,0.12072,1,0.65908,0.34092,1,0.49059,0.50941,0.0,1,0,0,0,1,0,0,1,0,0,0,0,1,0,0,1,0,0,1,0,0,1,0,0,0,1,0,0,1,0,0,0,1,0,0,0,1,0,0,0,1,0,0,0,0,1,0,0,0,1,0,0,0,1,0,0,1,0,0,1,0,0,0,1,0,0,1,0,0,1,0,0,0,1,0,0,1,0,0,1,0,0,1,0,0,1,0,0,0,0,1,0,0,0,1,0,0,0,1,0,0,0,1,0,0,0,1,0,0,1,0,0,0,0,1,0,0,0,1,0,0
Arizona,1,0.4458,0.48083,0.04082,1,0.44449,0.53485,1,0.44912,0.53394,1,0.44319,0.54774,1,0.44673,0.50951,0.02975,1,0.46517,0.44294,0.0798,1,0.3652,0.38472,0.23789,1,0.38744,0.5995,1,0.32543,0.66421,1,0.28245,0.60609,0.08805,1,0.398,0.56366,1,0.30381,0.61639,1,0.35018,0.54775,0.09565,1,0.49453,0.50447,1,0.44363,0.5552,0.00118,1,0.38901,0.60995,0.00104,1,0.4165,0.5835,1,0.53794,0.43824,0.0,0.01869,1,0.58798,0.40896,1,0.63495,0.36011,1,0.69845,0.26927,1,0.6703,0.30532,0.02214,1,0.4223,0.57568,1,0.35471,0.4126,0.23269,1,0.44389,0.55611,0.0,1,0.57169,0.35373,0.0547,1,0.43521,0.12735,0.29293,0.13334,1,0,0,0,1,0,0,0,1,0,0,1,0,0,1,0,0,0,1,0,0,1,0,0,1,0,0,0,1,0,0,1,0,0,1,0,0,1,0,0,1,0,0,0,0,1,0,0,0,1,0,0,0,1,0,0,0,1,0,0,0,1,0,0,1,0,0,0,0,1,0,0,0,1,0,0
Arkansas,1,0.33653,0.60574,0.02638,1,0.36879,0.60567,1,0.38865,0.58716,1,0.44548,0.54306,1,0.45864,0.51307,0.01456,1,0.53736,0.36801,0.07903,1,0.53208,0.35483,0.10428,1,0.42192,0.56368,1,0.38291,0.60467,1,0.47523,0.48134,0.02682,1,0.64936,0.3493,1,0.3071,0.68824,1,0.30332,0.31015,0.38653,1,0.56064,0.43407,1,0.50185,0.43058,0.06756,1,0.52457,0.45819,0.01724,1,0.55904,0.43764,1,0.61721,0.21016,0.16525,0.0031,1,0.69952,0.29843,1,0.79017,0.20983,1,0.81798,0.17857,1,0.85963,0.12907,0.00575,1,0.60293,0.39329,1,0.6121,0.29281,0.09509,1,0.5849,0.38727,0.02783,1,0.65966,0.28735,0.04115,1,0.55005,0.20451,0.17301,0.06517,1,0.57314,0.37296,0.03848,1,0.55346,0.4025,0.0156,1,0.63459,0.35037,1,0.73723,0.25117,1,0.593,0.3178,0.07988,1,0.54796,0.38045,1,0.57827,0.40705,1,0.56127,0.38657,0.03785,1,0.59916,0.39867,1,0.47827,0.52173,1,0.46317,0.53683,1,0,0,1,0.09893,0.0,0.53058,0.37049,1,0.67122,0.0,0.32878,1,0.6218,0.3782,0.0,1,0.55075,0.44925,0.0,1,0.6301,0.3699,0.0,1,0.56415,0.43585,1,0.64082,0.0,0.35918,0.0,1,0,0,0,1,0,0
California,1,0.61482,0.31492,0.03361,1,0.60159,0.37071,1,0.60917,0.36897,1,0.54303,0.44356,1,0.5345,0.41651,0.03818,1,0.51099,0.38209,0.06965,1,0.46007,0.32615,0.20626,1,0.47559,0.51127,1,0.41266,0.57515,1,0.35911,0.52694,0.08616,1,0.47569,0.49348,1,0.41538,0.54997,1,0.44739,0.47819,0.06719,1,0.59112,0.40795,1,0.49551,0.50099,0.0035,1,0.44273,0.55387,0.00339,1,0.42265,0.56829,1,0.47572,0.47128,0.00031,0.04734,1,0.56479,0.42971,1,0.57441,0.41343,1,0.66954,0.31696,1,0.58385,0.37386,0.02791,1,0.34195,0.64694,1,0.08231,0.572,0.33127,1,0.24277,0.66203,0.06787,1,0.46647,0.4627,0.04292,1,0.41808,0.00577,0.41834,0.11683,1,0.32978,0.55458,0.07413,1,0.26939,0.61838,0.08899,1,0.41342,0.54497,1,0.48511,0.49155,1,0.43832,0.43777,0.09388,1,0.46841,0.4966,1,0.45327,0.51967,1,0.48975,0.48887,0.02059,1,0.49081,0.50877,1,0.42509,0.56384,1,0.49761,0.50239,1,0.41399,0.58601,1,0.31712,0.32324,0.28348,0.07603,1,0.48381,0.18778,0.32828,1,0.53015,0.46832,0.00079,1,0,0,0,1,0,0,0,1,0,0,1,0,0,0,0,1,0,0,0,1,0,0
Colorado,1,0.48157,0.43251,0.05184,1,0.51446,0.46085,1,0.5366,0.44707,1,0.47022,0.51694,1,0.42394,0.5075,0.05251,1,0.44426,0.45796,0.06595,1,0.40128,0.35869,0.23325,1,0.45282,0.53059,1,0.35123,0.63442,1,0.31068,0.55071,0.11029,1,0.42581,0.54051,1,0.34593,0.62606,1,0.41318,0.50462,0.07497,1,0.61265,0.38195,1,0.44907,0.54634,0.00458,1,0.39814,0.59492,0.00693,1,0.38963,0.60273,1,0.51877,0.46525,0.0,0.01187,1,0.46399,0.5321,1,0.4837,0.50924,1,0.60371,0.37093,1,0.54813,0.41429,0.02969,1,0.33941,0.64723,1,0.21983,0.57024,0.20436,1,0.3593,0.59321,0.02755,1,0.60744,0.34754,0.03414,1,0.42803,0.21877,0.27093,0.06152,1,0.47997,0.46879,0.03017,1,0.41083,0.55264,0.01766,1,0.55433,0.42036,1,0.84946,0.1386,1,0.0,0.41133,0.5707,1,0.40838,0.55219,1,0.41677,0.54246,1,0.4603,0.51264,0.0268,1,0,0,1,0,0,1,0,0,1,0,0,1,0,0,0,0,1,0,0,0,1,0,0,0,1,0,0,0,1,0,0,0,1,0,0,1,0,0,0,0,1,0,0,0,1,0,0
Connecticut,1,0.54566,0.40927,0.02959,1,0.58057,0.40725,1,0.60589,0.38221,1,0.54314,0.43947,1,0.5591,0.38444,0.04416,1,0.52832,0.34691,0.10019,1,0.42214,0.35779,0.21578,1,0.46875,0.51978,1,0.3883,0.60732,1,0.38522,0.48156,0.12217,1,0.46897,0.52063,1,0.40129,0.58569,1,0.49478,0.44317,0.06102,1,0.67806,0.32086,1,0.5373,0.46269,1e-05,1,0.36261,0.63721,0.00018,1,0.4391,0.55703,1,0.4791,0.49547,0.0,0.01552,1,0.52302,0.46939,1,0.53438,0.46298,1,0.55323,0.40347,1,0.47398,0.48541,0.03447,1,0.45575,0.5363,1,0.27526,0.61535,0.10596,1,0.33027,0.62716,0.02832,1,0.46656,0.49802,0.02422,1,0.39159,0.35884,0.17925,0.05281,1,0.35923,0.59428,0.02691,1,0.38147,0.58123,0.02377,1,0.41074,0.56923,1,0.32536,0.6324,1,0.50059,0.46801,0.00492,1,0.48656,0.48438,1,0.48946,0.48011,1,0.48503,0.50506,0.00654,1,0.50704,0.48335,1,0.47594,0.52406,1,0.48508,0.51492,1,0.48618,0.51382,1,0.21505,0.53856,0.20507,0.04133,1,0.43567,0.53178,0.03255,1,0.49788,0.45461,0.04733,1,0.43352,0.48588,0.08021,1,0.46182,0.50811,0.03007,1,0.44447,0.55553,1,0.5065,0.4935,0.0,0.0,1,0.34322,0.55295,0.10383,1,0.22954,0.71364
Delaware,1,0.53086,0.41713,0.03325,1,0.58606,0.3998,1,0.61912,0.36929,1,0.53335,0.45743,1,0.54962,0.41904,0.02536,1,0.51775,0.36543,0.10594,1,0.43507,0.35313,0.20437,1,0.43478,0.5588,1,0.39932,0.59783,1,0.44874,0.47207,0.06911,1,0.51984,0.46571,1,0.39183,0.59596,1,0.41608,0.45116,0.13276,1,0.6095,0.38783,1,0.50635,0.48999,0.00366,1,0.44622,0.55092,0.00287,1,0.47875,0.51751,1,0.48761,0.50037,0.0,0.00755,1,0.54376,0.45267,1,0.54702,0.45053,1,0.54624,0.44855,1,0.48112,0.50551,0.01219,1,0.34604,0.65029,1,0.36799,0.577,0.05478,1,0.42067,0.55713,0.01041,1,0.47776,0.50205,0.00926,1,0.46476,0.32854,0.18249,0.01142,1,0.45941,0.52105,0.00498,1,0.44115,0.54052,0.00333,1,0.44897,0.53669,1,0.43099,0.53178,1,0.49902,0.48548,0.0,1,0.55147,0.43509,1,0.56553,0.432,1,0.51534,0.48028,0.00438,1,0.55447,0.44553,1,0.46765,0.50999,1,0.59001,0.40999,1,0.51808,0.48192,1,0.06615,0.23717,0.45541,0.24127,1,0.54829,0.02124,0.42985,1,0.49854,0.49657,0.00489,1,0.47539,0.51802,0.0066,1,0.48747,0.51204,0.0,1,0.44895,0.54985,1,0.467,0.53243,0.0,0.0,1,0.4901,0.5099,0.0,1,0,0
Florida,1,0.47413,0.48601,0.02179,1,0.49902,0.49027,1,0.50906,0.48099,1,0.47091,0.52098,1,0.48838,0.48847,0.01635,1,0.4802,0.42319,0.09123,1,0.39002,0.40895,0.19815,1,0.38507,0.60872,1,0.3466,0.65319,1,0.38499,0.55518,0.05145,1,0.51926,0.46642,1,0.27799,0.71915,1,0.30935,0.40534,0.28531,1,0.51149,0.48851,1,0.48485,0.51515,0.0,1,0.42729,0.57271,0.0,1,0.44975,0.5499,1,0.48817,0.33633,0.15538,0.02012,1,0.70324,0.29676,1,0.74014,0.25986,1,0.76082,0.23897,1,0.74681,0.25039,0.00281,1,0.40116,0.56832,1,0.56877,0.28064,0.07902,1,0.62132,0.30789,0.03562,1,0.69344,0.18098,0.0663,1,0.69522,0.08417,0.0896,0.09454,1,0.63015,0.21584,0.07591,1,0.68335,0.2148,0.06038,1,0.71308,0.1855,1,0.70461,0.24303,1,0.85007,0.0,0.13653,1,0.59484,0.39893,1,0.52957,0.46726,1,0.54175,0.45825,0.0,1,0.49014,0.50986,1,0.46481,0.53519,1,0,0,1,0,0,1,0.01677,0.0,0.62228,0.36095,1,0.56814,0.0,0.43186,1,0.60031,0.39969,0.0,1,0.42802,0.57198,0.0,1,0,0,0,1,0,0,1,0,0,0,0,1,0,0,0,1,0,0
Georgia,1,0.45346,0.50444,0.03026,1,0.45385,0.53186,1,0.46898,0.52103,1,0.41342,0.57929,1,0.42985,0.54672,0.00517,1,0.45838,0.47012,0.06365,1,0.43469,0.42878,0.13341,1,0.39498,0.59753,1,0.39786,0.60173,1,0.55759,0.4095,0.02257,1,0.66742,0.32965,1,0.24646,0.75035,1,0.2675,0.30402,0.42835,1,0.45865,0.54118,1,0.6254,0.37427,0.00033,1,0.66482,0.32654,0.00864,1,0.69659,0.30341,1,0.60809,0.18314,0.20311,0.00391,1,0.81737,0.1825,1,0.84848,0.14833,1,0.87102,0.12601,1,0.91599,0.07771,0.0018,1,0.56556,0.43362,1,0.7396,0.1819,0.07619,1,0.72058,0.27629,0.00313,1,0.79508,0.07029,0.00586,1,0.76634,0.04273,0.18099,0.00871,1,0.54602,0.3121,0.00441,1,0.63721,0.18326,0.0015,1,0.66864,0.28218,1,0.57782,0.36555,1,0.58015,0.21695,0.18796,1,0.70306,0.28334,1,0.6592,0.33844,1,0.65405,0.34595,0.0,1,0.72033,0.27967,1,0.5497,0.4503,1,0.64266,0.35734,1,0,0,1,0.10852,0.0,0.48892,0.40256,1,0.57141,0.0,0.42859,1,0.64695,0.26602,0.0,1,0.48512,0.51488,0.0,1,0.51187,0.48813,0.0,1,0.44223,0.55777,1,0.48198,0.0,0.51802,0.0,1,1.0,0.0,0.0,1,0.96791,0.03209
Hawaii,1,0.62221,0.30039,0.03719,1,0.70545,0.27839,1,0.71846,0.26582,1,0.5401,0.45265,1,0.55792,0.37463,0.05877,1,0.56929,0.3164,0.07597,1,0.48093,0.36697,0.14216,1,0.54269,0.44751,1,0.43816,0.551,1,0.44802,0.42901,0.10558,1,0.50592,0.48061,1,0.37521,0.62479,1,0.59828,0.38704,0.01469,1,0.78761,0.21239,1,0.50031,0.49969,0.0,1,0,0,0,1,0,0,1,0,0,0,0,1,0,0,1,0,0,1,0,0,1,0,0,0,1,0,0,1,0,0,0,1,0,0,0,1,0,0,0,1,0,0,0,0,1,0,0,0,1,0,0,0,1,0,0,1,0,0,1,0,0,0,1,0,0,1,0,0,1,0,0,0,1,0,0,1,0,0,1,0,0,1,0,0,1,0,0,0,0,1,0,0,0,1,0,0,0,1,0,0,0,1,0,0,0,1,0,0,1,0,0,0,0,1,0,0,0,1,0,0
Idaho,1,0.27485,0.59246,0.04103,1,0.324,0.64091,1,0.35908,0.61206,1,0.30261,0.68383,1,0.27638,0.6717,0.0245,1,0.33646,0.52183,0.12714,1,0.28418,0.4203,0.27045,1,0.36011,0.62078,1,0.26392,0.72365,1,0.25191,0.66456,0.06186,1,0.37119,0.5988,1,0.26041,0.64239,1,0.30659,0.56792,0.12549,1,0.50917,0.49083,1,0.46215,0.53785,0.0,1,0.38781,0.61167,0.00052,1,0.34421,0.65419,1,0.49982,0.47256,0.0,0.02315,1,0.51555,0.48069,1,0.54362,0.45309,1,0.62962,0.33192,1,0.58663,0.38268,0.00282,1,0.34925,0.64222,1,0.16357,0.47122,0.36522,1,0.34344,0.65604,0.00028,1,0.5204,0.41131,0.05992,1,0.32075,0.31025,0.24138,0.11309,1,0.37168,0.54085,0.06578,1,0.25462,0.65837,0.06819,1,0.50789,0.46963,1,0.78103,0.21316,1,0.0,0.44309,0.54207,1,0,0,1,0,0,1,0,0,0,1,0,0,1,0,0,1,0,0,1,0,0,1,0,0,0,0,1,0,0,0,1,0,0,0,1,0,0,0,1,0,0,0,1,0,0,1,0,0,0,0,1,0,0,0,1,0,0
Illinois,1,0.55247,0.3836,0.03747,1,0.57499,0.4066,1,0.61831,0.36729,1,0.54823,0.44479,1,0.54596,0.42585,0.02188,1,0.54315,0.3681,0.08035,1,0.4858,0.34337,0.16643,1,0.48605,0.50688,1,0.43297,0.56175,1,0.41716,0.49646,0.07301,1,0.48133,0.50103,1,0.40512,0.59031,1,0.44154,0.47076,0.08463,1,0.59471,0.40528,1,0.49982,0.49796,0.00222,1,0.40289,0.59521,0.00191,1,0.44943,0.54838,1,0.50068,0.49224,0.0,0.0,1,0.51522,0.4805,1,0.50971,0.48537,1,0.57702,0.39691,1,0.55233,0.42042,0.01974,1,0.42279,0.56932,1,0.23359,0.58837,0.1749,1,0.25512,0.67813,0.03568,1,0.43336,0.52563,0.028,1,0.35339,0.22125,0.33719,0.07091,1,0.39023,0.54528,0.03005,1,0.30433,0.58769,0.06431,1,0.44444,0.5283,1,0.42683,0.55656,1,0.48793,0.45704,0.02542,1,0.46583,0.49541,1,0.46435,0.50169,1,0.44564,0.51106,0.04236,1,0.46662,0.50202,1,0.42999,0.56268,1,0.44305,0.55695,1,0.45579,0.54421,1,0.47168,0.50688,0.00686,0.01447,1,0.44092,0.40226,0.15681,1,0.51865,0.4177,0.06364,1,0.44907,0.42419,0.12602,1,0.53912,0.42046,0.03181,1,0.50916,0.48912,1,0.54688,0.45312,0.0,0.0,1,0.68009,0.314,0.00452,1,0.6722,0.3278
Indiana,1,0.37462,0.56468,0.04859,1,0.43836,0.54037,1,0.49844,0.48814,1,0.39263,0.59945,1,0.41012,0.56647,0.00843,1,0.41549,0.47133,0.10502,1,0.36794,0.42907,0.19773,1,0.39686,0.59843,1,0.37683,0.61674,1,0.37653,0.56005,0.04979,1,0.457,0.53323,1,0.33336,0.66108,1,0.37986,0.50287,0.11448,1,0.55978,0.43561,1,0.44599,0.55031,0.00369,1,0.39699,0.59901,0.00399,1,0.40992,0.58111,1,0.48776,0.49576,0.0,0.00583,1,0.46732,0.52383,1,0.49029,0.50454,1,0.56634,0.41891,1,0.54667,0.42943,0.01356,1,0.39589,0.59684,1,0.38687,0.55254,0.05635,1,0.40489,0.55138,0.01956,1,0.46472,0.47438,0.0304,1,0.43071,0.23113,0.24754,0.05643,1,0.46907,0.48396,0.01869,1,0.40216,0.53987,0.01761,1,0.46617,0.50605,1,0.47962,0.50815,1,0.47459,0.46172,0.04011,1,0.4861,0.49048,1,0.49463,0.48147,1,0.47915,0.49326,0.02759,1,0.48649,0.47393,1,0.46593,0.53004,1,0.48607,0.51393,1,0.46403,0.53597,1,0.42444,0.51088,0.04518,0.0195,1,0.50405,0.40086,0.09509,1,0.5205,0.44167,0.03783,1,0.48932,0.45765,0.05303,1,0.50074,0.48423,0.01503,1,0.44141,0.55859,1,0.44033,0.55967,0.0,0.0,1,0.67097,0.32903,0.0,1,0.56621,0.43379
Iowa,1,0.4174,0.51147,0.03779,1,0.51988,0.46178,1,0.53928,0.44393,1,0.49233,0.49901,1,0.48536,0.48221,0.02233,1,0.50261,0.3992,0.08521,1,0.43286,0.37272,0.18712,1,0.54712,0.44496,1,0.45887,0.53272,1,0.38604,0.51305,0.08776,1,0.48458,0.49469,1,0.40475,0.57605,1,0.40816,0.53009,0.05687,1,0.61883,0.37918,1,0.43222,0.5671,0.00068,1,0.40651,0.59064,0.00285,1,0.35587,0.63755,1,0.50312,0.47581,0.0,0.01168,1,0.4749,0.51992,1,0.47621,0.52029,1,0.5441,0.42703,1,0.57686,0.39977,0.01974,1,0.37575,0.61771,1,0.1642,0.55024,0.28098,1,0.25464,0.70907,0.01897,1,0.42886,0.54249,0.02123,1,0.3764,0.24333,0.32866,0.03446,1,0.40579,0.55624,0.01675,1,0.30709,0.63395,0.03055,1,0.39458,0.58038,1,0.42899,0.55468,1,0.44311,0.49597,0.04647,1,0.44509,0.52359,1,0.47008,0.5225,1,0.32803,0.56995,0.10019,1,0.38282,0.58497,1,0.32902,0.60807,1,0.38079,0.61921,1,0.35881,0.64119,1,0.43218,0.54608,0.00804,0.01369,1,0.40698,0.48828,0.10474,1,0.50229,0.44837,0.04541,1,0.5046,0.44587,0.04953,1,0,0,0,1,0,0,1,0,0,0,0,1,0,0,0,1,0,0
Kansas,1,0.3574,0.56164,0.04637,1,0.38046,0.59659,1,0.41551,0.56475,1,0.36623,0.62004,1,0.37238,0.58042,0.03366,1,0.36085,0.54291,0.08623,1,0.33738,0.38882,0.26992,1,0.4256,0.55793,1,0.32598,0.66272,1,0.33288,0.5785,0.06964,1,0.44936,0.52488,1,0.29504,0.67658,1,0.34716,0.54845,0.10188,1,0.54089,0.45061,1,0.39105,0.6045,0.00446,1,0.34207,0.65441,0.00352,1,0.30496,0.68771,1,0.44611,0.53629,0.0,0.00584,1,0.39175,0.60249,1,0.42395,0.5686,1,0.5367,0.45953,1,0.53563,0.4413,0.02308,1,0.27062,0.72024,1,0.23597,0.6154,0.14863,1,0.32519,0.64748,0.0272,1,0.49949,0.44086,0.03919,1,0.39299,0.20474,0.32884,0.07325,1,0.42881,0.52459,0.03304,1,0.26228,0.64814,0.0483,1,0.45963,0.52564,1,0.51316,0.4763,1,0.0,0.48396,0.50203,1,0.31027,0.55233,1,0.33904,0.58081,1,0.29717,0.60401,0.09865,1,0.30533,0.63096,1,0.32802,0.66465,1,0.31171,0.68822,1,0.17776,0.79189,1,0,0,0,0,1,0,0,0,1,0,0,0,1,0,0,0,1,0,0,0,1,0,0,1,0,0,0,0,1,0,0,0,1,0,0
Kentucky,1,0.32682,0.6252,0.02794,1,0.37784,0.60465,1,0.41146,0.57369,1,0.39683,0.59543,1,0.41374,0.56502,0.01502,1,0.45842,0.44882,0.0867,1,0.44551,0.41341,0.13661,1,0.43884,0.55521,1,0.39373,0.60037,1,0.47613,0.4907,0.02404,1,0.52754,0.45569,1,0.34769,0.63367,1,0.3765,0.43793,0.18288,1,0.64015,0.35654,1,0.46409,0.53591,0.0,1,0.45213,0.54298,0.0049,1,0.49915,0.49844,1,0.56738,0.41477,0.01266,0.0019,1,0.54451,0.45217,1,0.57446,0.42301,1,0.58512,0.39916,1,0.59058,0.40152,0.00392,1,0.40484,0.59359,1,0.45976,0.48933,0.04718,1,0.49693,0.49256,0.00698,1,0.51914,0.46504,0.0091,1,0.48482,0.25515,0.22479,0.02572,1,0.49742,0.48034,0.00834,1,0.49816,0.47129,0.00826,1,0.50212,0.48505,1,0.48863,0.48925,1,0.51475,0.39741,0.06894,1,0.53304,0.44985,1,0.55324,0.42929,1,0.55737,0.39868,0.04308,1,0.61414,0.37436,1,0.52316,0.46442,1,0.74548,0.25452,1,0.69826,0.30174,1,0.17543,0.00933,0.36346,0.45178,1,0.52543,0.0,0.47457,1,0.48323,0.51439,0.00238,1,0.42545,0.57455,0.0,1,0.45911,0.54089,0.0,1,0.35801,0.64199,1,0.47409,0.52591,0.0,0.0,1,0.45512,0.54488,0.0,1,0.55539,0.44461
Louisiana,1,0.3845,0.58089,0.01872,1,0.40577,0.57785,1,0.39933,0.58563,1,0.42216,0.56722,1,0.44875,0.52551,0.0116,1,0.5201,0.39944,0.06911,1,0.45585,0.40971,0.11814,1,0.44065,0.54275,1,0.38175,0.60774,1,0.45748,0.51198,0.01701,1,0.51732,0.4595,1,0.28354,0.65322,1,0.28212,0.23467,0.48321,1,0.43185,0.56815,1,0.5042,0.2859,0.20989,1,0.39508,0.53283,0.07209,1,0.52922,0.47078,1,0.32749,0.17452,0.49069,0.00729,1,0.80589,0.19391,1,0.85884,0.14087,1,0.88816,0.11156,1,0.92788,0.07014,0.0,1,0.76288,0.23704,1,0.76439,0.20229,0.0,1,0.69242,0.3049,0.0,1,0.85904,0.06954,0.00314,1,0.76811,0.04837,0.11714,0.06639,1,0.84625,0.11925,0.03347,1,0.88499,0.09655,0.01846,1,0.79033,0.20961,1,0.76376,0.21809,1,0.76531,0.23469,0.0,1,0.73372,0.26456,1,0.57216,0.42365,1,0.62269,0.37313,0.00418,1,0.48352,0.51648,1,0.44314,0.55686,1,0.7069,0.2931,1,0,0,1,0.15096,0.0,0.44904,0.4,1,0.51697,0.0,0.48303,1,0.51939,0.48061,0.0,1,0.45411,0.54589,0.0,1,0.51301,0.48699,0.0,1,0.40271,0.59729,1,0.51744,0.0,0.48256,0.0,1,0.6167,0.3833,0.0,1,0.5301,0.4699
Maine,1,0.4783,0.4487,0.05095,1,0.5627,0.40982,1,0.57706,0.40384,1,0.53573,0.44576,1,0.49086,0.43972,0.05696,1,0.51624,0.30761,0.14189,1,0.38767,0.30391,0.30437,1,0.43884,0.55335,1,0.38781,0.60834,1,0.4225,0.45606,0.10196,1,0.4807,0.48906,1,0.38484,0.61461,1,0.55305,0.43074,0.01621,1,0.68796,0.31137,1,0.42952,0.57047,1e-05,1,0.29135,0.70865,0.0,1,0.33772,0.6605,1,0.42266,0.56737,0.0,0.00712,1,0.47446,0.52441,1,0.48771,0.51101,1,0.41524,0.5549,1,0.43193,0.55833,0.00834,1,0.30964,0.68628,1,0.21834,0.72032,0.05922,1,0.29802,0.68922,0.01119,1,0.46975,0.50991,0.01597,1,0.39427,0.20476,0.37407,0.0196,1,0.33294,0.62996,0.01653,1,0.2849,0.6744,0.02166,1,0.34839,0.61889,1,0.29207,0.67897,1,0.41261,0.54045,0.02058,1,0.39353,0.57488,1,0.39967,0.55343,1,0.45316,0.5146,0.03064,1,0.42648,0.56645,1,0.32143,0.67857,1,0.37588,0.62412,1,0.40935,0.59065,1,0.29423,0.6224,0.0631,0.02027,1,0.35683,0.61336,0.02981,1,0.5063,0.39599,0.09771,1,0.45872,0.40254,0.13874,1,0.53829,0.40477,0.05694,1,0.49773,0.50227,1,0.58918,0.38211,0.0,0.0,1,0.54668,0.43974,0.01358,1,0.40033,0.59711
Maryland,1,0.60326,0.33909,0.02862,1,0.61974,0.35898,1,0.61919,0.36475,1,0.55914,0.42934,1,0.56568,0.40178,0.02655,1,0.54255,0.38269,0.06503,1,0.49801,0.35621,0.14177,1,0.48199,0.51108,1,0.47016,0.52505,1,0.47138,0.44181,0.0776,1,0.53035,0.46965,1,0.3736,0.61257,1,0.43586,0.41942,0.14472,1,0.65467,0.34528,1,0.53613,0.46386,0.0,1,0.39965,0.60035,0.0,1,0.43825,0.55364,1,0.48015,0.49405,0.00415,0.01673,1,0.51852,0.48148,1,0.58254,0.40831,1,0.62348,0.37036,1,0.61503,0.3604,0.02052,1,0.42326,0.57061,1,0.41288,0.45287,0.13149,1,0.42159,0.5511,0.02072,1,0.52801,0.44782,0.0102,1,0.4857,0.2369,0.24911,0.01723,1,0.48592,0.48846,0.00974,1,0.4881,0.48833,0.01002,1,0.46226,0.51501,1,0.41619,0.54729,1,0.53389,0.43482,0.00373,1,0.5034,0.474,1,0.52073,0.46096,1,0.5441,0.4559,0.0,1,0.56045,0.43955,1,0.50345,0.49655,1,0.67199,0.32801,1,0.44914,0.55086,1,0.0645,0.0248,0.45925,0.45145,1,0.45041,0.00328,0.5463,1,0.53277,0.46695,0.00028,1,0.47718,0.52104,0.00178,1,0.47614,0.52386,0.0,1,0.46166,0.53834,1,0.46275,0.53725,0.0,0.0,1,0.49995,0.50005,0.0,1,0.49747,0.50253
Massachusetts,1,0.60005,0.32808,0.04151,1,0.60666,0.37517,1,0.618,0.35989,1,0.61935,0.36778,1,0.59804,0.32501,0.06421,1,0.61474,0.28086,0.08887,1,0.47544,0.29026,0.22798,1,0.53229,0.45375,1,0.48432,0.51219,1,0.41746,0.41898,0.15154,1,0.56112,0.40442,1,0.54196,0.45229,1,0.63009,0.32887,0.03735,1,0.76187,0.23445,1,0.60222,0.39553,0.00225,1,0.40374,0.59323,0.00303,1,0.45461,0.54222,1,0.54661,0.43156,0.0,0.01811,1,0.52803,0.46992,1,0.53109,0.46359,1,0.51225,0.41764,1,0.50639,0.4664,0.02171,1,0.50244,0.49154,1,0.24856,0.62263,0.125,1,0.27844,0.68546,0.03247,1,0.46611,0.50539,0.02079,1,0.3553,0.31953,0.29142,0.02585,1,0.34042,0.58209,0.02359,1,0.37237,0.57923,0.03056,1,0.37848,0.57585,1,0.26325,0.69472,1,0.45217,0.51867,0.00821,1,0.44036,0.53419,1,0.40329,0.48363,1,0.3958,0.58526,0.01611,1,0.41899,0.57801,1,0.30693,0.69196,1,0.3023,0.69756,1,0.27777,0.72222,1,0.20232,0.62801,0.03628,0.13145,1,0.23078,0.63613,0.11541,1,0.35065,0.41449,0.22047,1,0.26183,0.45323,0.28448,1,0.4017,0.5079,0.08202,1,0.41281,0.57443,1,0.44808,0.0,0.0,0.55132,1,0.20605,0.47269,0.21728,1,0.15386,0.76358
Michigan,1,0.4703,0.47252,0.03568,1,0.54044,0.44576,1,0.5733,0.40886,1,0.51231,0.47812,1,0.51277,0.46144,0.01988,1,0.51695,0.38485,0.08747,1,0.43774,0.36376,0.19295,1,0.45672,0.53568,1,0.40236,0.59226,1,0.42497,0.48986,0.07039,1,0.46438,0.5183,1,0.41814,0.56205,1,0.48184,0.41457,0.10041,1,0.66705,0.33098,1,0.50851,0.48836,0.00313,1,0.44146,0.55629,0.00225,1,0.43974,0.5544,1,0.47566,0.49232,0.0,0.02205,1,0.50194,0.49175,1,0.49522,0.49854,1,0.56329,0.38764,1,0.52362,0.44444,0.02355,1,0.28917,0.7036,1,0.1313,0.75372,0.10515,1,0.22267,0.72764,0.02761,1,0.44053,0.52091,0.02476,1,0.27361,0.27632,0.38946,0.04213,1,0.3244,0.61935,0.02138,1,0.25788,0.69512,0.01722,1,0.38886,0.58097,1,0.4347,0.53765,1,0.43263,0.47787,0.04277,1,0.44907,0.49728,1,0.472,0.48025,1,0.37271,0.52491,0.09883,1,0.44492,0.5241,1,0.3547,0.62657,1,0.43019,0.56981,1,0.46399,0.53601,1,0.41986,0.57231,0.00521,0.00262,1,0.41525,0.57153,0.01322,1,0.50449,0.40825,0.08726,1,0.47236,0.36795,0.15969,1,0.49752,0.43721,0.06527,1,0.47567,0.51709,1,0.56225,0.43775,0.0,0.0,1,0,0,0,1,0,0
Minnesota,1,0.46442,0.44928,0.03836,1,0.52652,0.44958,1,0.5406,0.43823,1,0.5109,0.47614,1,0.47906,0.45502,0.05195,1,0.511,0.34957,0.11753,1,0.43485,0.31851,0.23957,1,0.52913,0.45896,1,0.49719,0.49538,1,0.46501,0.42557,0.08528,1,0.54896,0.42022,1,0.46068,0.51576,1,0.53996,0.41463,0.04339,1,0.63759,0.36001,1,0.50583,0.49155,0.00262,1,0.46084,0.53679,0.00237,1,0.44108,0.55326,1,0.57165,0.39895,0.0,0.02299,1,0.52408,0.46859,1,0.51487,0.47657,1,0.61843,0.31015,1,0.5991,0.36293,0.0254,1,0.4083,0.57775,1,0.06801,0.51178,0.41257,1,0.19433,0.70589,0.07625,1,0.46249,0.4635,0.05193,1,0.31843,0.19249,0.37657,0.0823,1,0.33021,0.59113,0.04385,1,0.18844,0.73978,0.03992,1,0.35693,0.60213,1,0.40887,0.56619,1,0.37764,0.4596,0.10969,1,0.39647,0.54121,1,0.36873,0.58776,1,0.35362,0.62282,0.02167,1,0.39159,0.58799,1,0.38728,0.61272,1,0.39121,0.60879,1,0.40939,0.59061,1,0.34315,0.63532,0.02153,0.0,1,0,0,0,1,0,0,0,1,0,0,0,1,0,0,0,1,0,0,1,0,0,0,0,1,0,0,0,1,0,0
Mississippi,1,0.40057,0.57858,0.01192,1,0.43789,0.55286,1,0.42999,0.56173,1,0.39753,0.59441,1,0.40703,0.57615,0.00817,1,0.44081,0.49207,0.05842,1,0.40768,0.49684,0.08721,1,0.39067,0.5989,1,0.3746,0.61847,1,0.48092,0.49415,0.01348,1,0.49562,0.47682,1,0.19627,0.78197,1,0.23016,0.13524,0.6346,1,0.1286,0.8714,1,0.36342,0.24671,0.38987,1,0.5823,0.24455,0.17315,1,0.60437,0.39563,1,0.10086,0.02624,0.87173,0.00117,1,0.93558,0.06442,1,0.95702,0.04188,1,0.97034,0.02755,1,0.95983,0.03547,0.0047,1,0.821,0.179,1,0.8934,0.07553,0.03107,1,0.8398,0.14033,0.01987,1,0.92781,0.04907,0.01712,1,0.88898,0.02419,0.05504,0.03179,1,0.9011,0.06521,0.01462,1,0.91075,0.05586,0.00787,1,0.87556,0.09664,1,0.91039,0.06925,1,0.7622,0.02662,0.19265,1,0.73801,0.25992,1,0.64342,0.35658,1,0.64706,0.29764,0.04952,1,0.68076,0.31924,1,0.36523,0.63477,1,0,0,1,0,0,1,0.0475,0.0,0.59003,0.36247,1,0.59443,0.0,0.40557,1,0.60503,0.39497,0.0,1,0.50604,0.49396,0.0,1,0.5743,0.4257,0.0,1,0.46571,0.53429,1,0.51282,0.0,0.48718,0.0,1,1.0,0.0,0.0,1,0.81052,0.18948
Missouri,1,0.37878,0.5639,0.03443,1,0.44281,0.5364,1,0.49227,0.4936,1,0.461,0.53296,1,0.47084,0.50423,0.01632,1,0.4754,0.41241,0.10064,1,0.44066,0.33917,0.2169,1,0.4785,0.51832,1,0.39975,0.60025,1,0.44346,0.51156,0.03711,1,0.51105,0.47474,1,0.37706,0.62294,1,0.43738,0.4487,0.11391,1,0.6405,0.3595,1,0.50258,0.49742,0.0,1,0.50109,0.49891,0.0,1,0.49144,0.50708,1,0.58108,0.41494,3e-05,0.00253,1,0.51372,0.48428,1,0.52269,0.47499,1,0.60758,0.38165,1,0.63694,0.35078,0.01017,1,0.4415,0.55579,1,0.4379,0.4958,0.06434,1,0.43127,0.54559,0.01519,1,0.50591,0.46944,0.01857,1,0.47346,0.2975,0.17804,0.04075,1,0.48409,0.48497,0.02155,1,0.46021,0.49925,0.0202,1,0.51476,0.45943,1,0.53964,0.4525,1,0.49558,0.42033,0.07608,1,0.50242,0.45315,1,0.53487,0.46022,1,0.52506,0.38674,0.0882,1,0.57638,0.41364,1,0.55458,0.43652,1,0.43038,0.56962,1,0.3028,0.6972,1,0.35516,0.10285,0.18943,0.35257,1,0.54433,0.0,0.45567,1,0.56419,0.43581,0.0,1,0.5509,0.4491,0.0,1,0.56979,0.43021,0.0,1,0.56628,0.43372,1,0.59977,0.0,0.40023,0.0,1,1.0,0.0,0.0,1,0.70637,0.29363
Montana,1,0.35413,0.55645,0.05587,1,0.41661,0.55302,1,0.47115,0.49494,1,0.38564,0.59067,1,0.33364,0.58438,0.05946,1,0.41232,0.44112,0.13561,1,0.37629,0.3512,0.26114,1,0.46199,0.52072,1,0.38177,0.60474,1,0.32431,0.56825,0.08045,1,0.45404,0.5284,1,0.37845,0.57926,1,0.41587,0.50595,0.07294,1,0.58948,0.40567,1,0.48596,0.51099,0.00305,1,0.42865,0.57135,0.0,1,0.40075,0.59386,1,0.53091,0.43147,0.0,0.03261,1,0.54282,0.44929,1,0.58779,0.40173,1,0.69276,0.2759,1,0.58798,0.36067,0.03645,1,0.40482,0.5837,1,0.19381,0.42505,0.3791,1,0.3205,0.61132,0.0,1,0.5688,0.37568,0.05383,1,0.35002,0.2319,0.28131,0.13636,1,0.42611,0.46981,0.08507,1,0.33786,0.54205,0.08808,1,0.5843,0.39791,1,0.79932,0.19706,1,0.39788,0.42444,0.16504,1,0,0,1,0,0,1,0,0,0,1,0,0,1,0,0,1,0,0,1,0,0,1,0,0,0,0,1,0,0,0,1,0,0,0,1,0,0,0,1,0,0,0,1,0,0,1,0,0,0,0,1,0,0,0,1,0,0
Nebraska,1,0.33699,0.58747,0.04613,1,0.38027,0.59803,1,0.41598,0.56532,1,0.32682,0.65899,1,0.33253,0.62245,0.03521,1,0.34951,0.53655,0.10522,1,0.29399,0.46578,0.23629,1,0.39199,0.60155,1,0.2881,0.70551,1,0.26036,0.65528,0.07021,1,0.38457,0.59194,1,0.29498,0.70502,1,0.31812,0.59823,0.08364,1,0.52607,0.47393,1,0.37929,0.62071,0.0,1,0.34486,0.65514,0.0,1,0.30846,0.69154,1,0.45847,0.54153,0.0,0.0,1,0.4142,0.5858,1,0.42813,0.57187,1,0.57143,0.40744,1,0.62982,0.35286,0.01732,1,0.3618,0.63191,1,0.29577,0.47091,0.22987,1,0.3125,0.64664,0.02508,1,0.5528,0.4099,0.02485,1,0.43694,0.21735,0.29133,0.04082,1,0.49138,0.476,0.01321,1,0.23444,0.61382,0.03284,1,0.47224,0.50464,1,0.51531,0.46179,1,0.1246,0.43565,0.41527,1,0.39753,0.53508,1,0.40529,0.57311,1,0.32616,0.62868,0.04517,1,0.353,0.647,1,0.29319,0.70681,1,0.36093,0.63907,1,0,0,1,0,0,0,0,1,0,0,0,1,0,0,0,1,0,0,0,1,0,0,0,1,0,0,1,0,0,0,0,1,0,0,0,1,0,0
Nevada,1,0.47918,0.45501,0.03322,1,0.52356,0.45675,1,0.55147,0.42654,1,0.47878,0.5047,1,0.45976,0.49522,0.02464,1,0.43933,0.42915,0.09474,1,0.37358,0.34727,0.26185,1,0.37918,0.58857,1,0.31973,0.6585,1,0.26894,0.62536,0.07121,1,0.4581,0.50166,1,0.36319,0.63681,1,0.39294,0.47457,0.13249,1,0.58582,0.41418,1,0.51162,0.48838,0.0,1,0.42032,0.57968,0.0,1,0.38555,0.61445,1,0.50374,0.47261,0.0,0.02365,1,0.54621,0.45379,1,0.60076,0.39924,1,0.72808,0.27192,1,0.69409,0.30591,0.0,1,0.43465,0.56535,1,0.21949,0.41763,0.36288,1,0.36225,0.56921,0.06854,1,0.53356,0.364,0.092,1,0.39702,0.15889,0.27939,0.1647,1,0.45715,0.43933,0.08575,1,0.32868,0.56657,0.07635,1,0.6225,0.3775,1,0.8121,0.1879,1,0.06564,0.25841,0.66777,1,0.41937,0.57729,1,0.43588,0.56208,1,0.52401,0.47599,0.0,1,0.4727,0.5273,1,0.42569,0.57431,1,0.44606,0.55394,1,0.40158,0.59842,1,0,0,0,0,1,0,0,0,1,0,0,0,1,0,0,0,1,0,0,0,1,0,0,1,0,0,0,0,1,0,0,0,1,0,0
New Hampshire,1,0.46826,0.46459,0.04135,1,0.5198,0.46404,1,0.54127,0.44521,1,0.50242,0.48874,1,0.46803,0.4807,0.03901,1,0.49324,0.39371,0.09694,1,0.38859,0.3764,0.22556,1,0.36334,0.62491,1,0.30954,0.68659,1,0.2835,0.57736,0.12941,1,0.43471,0.54748,1,0.34855,0.63978,1,0.43925,0.52103,0.03758,1,0.6389,0.3611,1,0.46582,0.53418,0.0,1,0.33845,0.66113,0.00042,1,0.39078,0.60922,1,0.46662,0.52411,3e-05,0.00851,1,0.52112,0.47867,1,0.53221,0.46779,1,0.49726,0.47976,1,0.48988,0.50423,0.00461,1,0.41023,0.58653,1,0.34716,0.59826,0.05458,1,0.39387,0.59837,0.00776,1,0.49122,0.49059,0.01479,1,0.39477,0.37434,0.20229,0.02252,1,0.37561,0.59318,0.0145,1,0.37792,0.60074,0.01209,1,0.38423,0.59329,1,0.25875,0.68655,1,0.47108,0.51112,0.00328,1,0.47841,0.50342,1,0.46341,0.51136,1,0.4724,0.5194,0.00611,1,0.48053,0.51834,1,0.45606,0.5394,1,0.44763,0.55221,1,0.47442,0.52558,1,0.39257,0.56896,0.03222,0.00625,1,0.45706,0.53706,0.00588,1,0.56402,0.30644,0.12953,1,0.55411,0.29501,0.15089,1,0.55218,0.36323,0.0846,1,0.54663,0.43882,1,0.75013,0.24987,0.0,0.0,1,0.56756,0.43244,0.0,1,0.459,0.541
New Jersey,1,0.54989,0.41005,0.01855,1,0.58245,0.40501,1,0.57137,0.41605,1,0.52917,0.46233,1,0.56126,0.40291,0.02967,1,0.5372,0.35863,0.08522,1,0.42954,0.40581,0.15607,1,0.42598,0.5624,1,0.39198,0.60091,1,0.38558,0.51973,0.07885,1,0.47924,0.50081,1,0.36774,0.61574,1,0.43966,0.46097,0.09118,1,0.65607,0.33857,1,0.49959,0.49162,0.00879,1,0.34228,0.64684,0.01088,1,0.41987,0.56813,1,0.45931,0.50326,0.0,0.02189,1,0.50305,0.48954,1,0.51548,0.47932,1,0.59538,0.39569,1,0.49485,0.47586,0.02638,1,0.39791,0.59769,1,0.27414,0.62165,0.10027,1,0.28418,0.67653,0.03003,1,0.42678,0.54401,0.02104,1,0.412,0.20529,0.33602,0.03685,1,0.39075,0.56795,0.02194,1,0.38046,0.56679,0.02216,1,0.41094,0.55282,1,0.36016,0.59679,1,0.50668,0.46235,0.00292,1,0.49871,0.47518,1,0.4898,0.47309,1,0.49838,0.4902,0.01064,1,0.52664,0.47012,1,0.45479,0.54521,1,0.5088,0.4912,1,0.52835,0.47165,1,0.51866,0.48134,0.0,0.0,1,0.47228,0.2851,0.24262,1,0.53238,0.4633,0.00431,1,0.4747,0.51476,0.01054,1,0.49372,0.50456,0.00172,1,0.48149,0.51744,1,0.49473,0.50527,0.0,0.0,1,0.49887,0.49133,0.0098,1,0.47858,0.52124
New Mexico,1,0.48256,0.40043,0.09337,1,0.52993,0.42843,1,0.56907,0.41779,1,0.49047,0.49838,1,0.47909,0.47847,0.0355,1,0.49183,0.41856,0.05801,1,0.45899,0.37338,0.16122,1,0.46903,0.5186,1,0.39226,0.59704,1,0.36785,0.54967,0.06457,1,0.48284,0.5075,1,0.36557,0.61049,1,0.39746,0.51849,0.07864,1,0.59221,0.40242,1,0.50152,0.49415,0.00433,1,0.41783,0.57807,0.0041,1,0.44282,0.55392,1,0.56379,0.42928,0.0,0.00554,1,0.53466,0.46437,1,0.56586,0.43281,1,0.62693,0.36495,1,0.62721,0.35762,0.01171,1,0.40852,0.59014,1,0.43022,0.4852,0.08458,1,0.44275,0.54678,0.0,1,0.502,0.46644,0.02989,1,0.41391,0.35914,0.16905,0.0579,1,0,0,0,1,0,0,0,1,0,0,1,0,0,1,0,0,0,1,0,0,1,0,0,1,0,0,0,1,0,0,1,0,0,1,0,0,1,0,0,1,0,0,0,0,1,0,0,0,1,0,0,0,1,0,0,0,1,0,0,0,1,0,0,1,0,0,0,0,1,0,0,0,1,0,0
New York,1,0.59006,0.36516,0.02287,1,0.63346,0.35169,1,0.62884,0.36027,1,0.58365,0.40078,1,0.60221,0.35216,0.03578,1,0.5947,0.30612,0.07971,1,0.49726,0.33877,0.15746,1,0.5162,0.47518,1,0.45831,0.5384,1,0.43992,0.4666,0.07543,1,0.51872,0.47453,1,0.41206,0.58543,1,0.49756,0.44299,0.05285,1,0.68562,0.31308,1,0.52531,0.47269,0.002,1,0.3878,0.61189,0.00031,1,0.43554,0.55453,1,0.44998,0.45985,0.0,0.08247,1,0.52309,0.47297,1,0.51504,0.47949,1,0.58845,0.38966,1,0.54066,0.41333,0.03784,1,0.47436,0.49785,1,0.2913,0.55763,0.1455,1,0.26953,0.64556,0.07011,1,0.44507,0.51529,0.02693,1,0.41275,0.28677,0.2456,0.03994,1,0.4074,0.53106,0.02347,1,0.42279,0.53131,0.0228,1,0.43827,0.531,1,0.38723,0.57578,1,0.48988,0.45583,0.01229,1,0.48188,0.49277,1,0.4825,0.48151,1,0.48418,0.50324,0.01121,1,0.51398,0.48174,1,0.46772,0.53228,1,0.50588,0.49412,1,0.49538,0.50462,1,0.46287,0.53713,0.0,0.0,1,0.32839,0.46272,0.2089,1,0.50179,0.44971,0.0485,1,0.25073,0.47941,0.26428,1,0.48898,0.47847,0.03254,1,0.48179,0.51184,1,0.54625,0.45375,0.0,0.0,1,0.52103,0.47897,0.0,1,0.51448,0.48552
North Carolina,1,0.46173,0.49828,0.02744,1,0.48351,0.50393,1,0.49704,0.49376,1,0.43583,0.56017,1,0.43201,0.56029,0.0,1,0.44036,0.48729,0.0668,1,0.42653,0.43443,0.13702,1,0.41706,0.57968,1,0.37892,0.61897,1,0.47183,0.49305,0.02845,1,0.55269,0.44219,1,0.28889,0.69464,1,0.29236,0.39508,0.31256,1,0.56151,0.43849,1,0.52109,0.47891,0.0,1,0.50664,0.49336,0.0,1,0.5391,0.4609,1,0.58021,0.32681,0.08803,0.00495,1,0.66713,0.33287,1,0.74031,0.25969,1,0.73397,0.26598,1,0.69932,0.29282,0.00786,1,0.45064,0.54936,1,0.58893,0.39726,0.01378,1,0.56695,0.43219,0.00083,1,0.58096,0.4171,0.00176,1,0.59244,0.11946,0.28341,0.0042,1,0.54217,0.4549,0.00147,1,0.59711,0.3967,0.0006,1,0.53922,0.45466,1,0.52638,0.46817,1,0.47437,0.35803,0.15819,1,0.51793,0.47199,1,0.53252,0.46588,1,0.51548,0.47984,0.00467,1,0.53622,0.46378,1,0.42461,0.57381,1,0.46589,0.53411,1,0,0,1,0.0283,0.0,0.50507,0.46663,1,0.56781,0.0,0.43219,1,0.50434,0.4949,0.0,1,0.44798,0.5517,0.0,1,0.47608,0.52389,0.0,1,0.42321,0.57679,1,0.531,0.0,0.46898,0.0,1,0.84771,0.15229,0.0,1,0.73075,0.26896
North Dakota,1,0.27227,0.62956,0.06224,1,0.38691,0.58322,1,0.44503,0.53153,1,0.35499,0.62861,1,0.33054,0.60656,0.03295,1,0.40128,0.46939,0.12205,1,0.32184,0.44216,0.23069,1,0.42972,0.56031,1,0.33799,0.6484,1,0.26261,0.64234,0.0784,1,0.45803,0.51657,1,0.35786,0.62068,1,0.38231,0.55942,0.05746,1,0.57968,0.41878,1,0.44522,0.55421,0.00057,1,0.38089,0.61721,0.0019,1,0.28392,0.70971,1,0.4341,0.52166,0.00169,0.03802,1,0.45485,0.53838,1,0.44176,0.55058,1,0.59605,0.26579,1,0.69589,0.28004,0.01374,1,0.44461,0.54797,1,0.06961,0.47685,0.45169,1,0.18186,0.77789,0.04025,1,0.47843,0.46339,0.04954,1,0.34136,0.26669,0.29714,0.08046,1,0.3479,0.61021,0.02561,1,0.20386,0.75121,0.02869,1,0.39642,0.55246,1,0.4365,0.5557,1,0.0,0.48505,0.49006,1,0,0,1,0,0,1,0,0,0,1,0,0,1,0,0,1,0,0,1,0,0,1,0,0,0,0,1,0,0,0,1,0,0,0,1,0,0,0,1,0,0,0,1,0,0,1,0,0,0,0,1,0,0,0,1,0,0
Ohio,1,0.43243,0.51314,0.03152,1,0.50577,0.47603,1,0.51383,0.468,1,0.48707,0.50814,1,0.46461,0.49968,0.02505,1,0.47376,0.41017,0.10656,1,0.40181,0.38347,0.2098,1,0.44146,0.55,1,0.40141,0.589,1,0.4091,0.51511,0.05941,1,0.48922,0.48652,1,0.3807,0.59633,1,0.42947,0.45231,0.11806,1,0.62943,0.37057,1,0.46716,0.53284,0.0,1,0.38886,0.61114,0.0,1,0.43244,0.56756,1,0.49481,0.49239,0.0,0.0128,1,0.49817,0.50183,1,0.52204,0.47796,1,0.57995,0.37438,1,0.49879,0.47029,0.02456,1,0.34453,0.64885,1,0.23702,0.58333,0.17753,1,0.38584,0.58468,0.02827,1,0.51855,0.44182,0.03269,1,0.40964,0.26822,0.22159,0.08692,1,0.44824,0.51029,0.03013,1,0.34317,0.59747,0.0361,1,0.45659,0.52296,1,0.47077,0.51858,1,0.47534,0.4766,0.01747,1,0.47177,0.49509,1,0.46938,0.50991,1,0.47012,0.51733,0.00891,1,0.49067,0.50209,1,0.46147,0.53236,1,0.45996,0.54004,1,0.43628,0.56372,1,0.43298,0.51242,0.02611,0.02817,1,0.44211,0.48512,0.07277,1,0.47831,0.43185,0.08984,1,0.47118,0.42121,0.10761,1,0.47742,0.4968,0.02578,1,0.45567,0.54103,1,0.47564,0.51874,0.0,0.0,1,0.51326,0.48352,0.00322,1,0.51604,0.48396
Oklahoma,1,0.28932,0.65323,0.05745,1,0.33228,0.66772,1,0.34355,0.65645,1,0.3443,0.6557,1,0.38427,0.60308,0.0,1,0.40449,0.48256,0.10838,1,0.34025,0.42646,0.23007,1,0.41282,0.57929,1,0.30667,0.68611,1,0.34968,0.605,0.0333,1,0.48747,0.49962,1,0.23997,0.73699,1,0.31986,0.47684,0.2033,1,0.55746,0.44254,1,0.4098,0.5902,0.0,1,0.44869,0.55131,0.0,1,0.45411,0.54589,1,0.62747,0.37253,0.0,0.0,1,0.55567,0.44203,1,0.57408,0.42225,1,0.66832,0.32694,1,0.73296,0.26704,0.0,1,0.35441,0.63717,1,0.48409,0.42815,0.08776,1,0.44605,0.50108,0.05287,1,0.50651,0.33252,0.15454,1,0.46949,0.35771,0.0,0.1642,1,0.47989,0.43326,0.08524,1,0,0,0,1,0,0,1,0,0,1,0,0,0,1,0,0,1,0,0,1,0,0,0,1,0,0,1,0,0,1,0,0,1,0,0,1,0,0,0,0,1,0,0,0,1,0,0,0,1,0,0,0,1,0,0,0,1,0,0,1,0,0,0,0,1,0,0,0,1,0,0
Oregon,1,0.50072,0.39094,0.04708,1,0.54239,0.4215,1,0.56749,0.40401,1,0.51349,0.47193,1,0.46959,0.46518,0.05043,1,0.47152,0.3906,0.08798,1,0.42479,0.32527,0.24209,1,0.51278,0.46611,1,0.4374,0.55906,1,0.3867,0.48331,0.09512,1,0.47618,0.47784,1,0.42326,0.52448,1,0.43784,0.49832,0.06062,1,0.63718,0.35963,1,0.4732,0.52557,0.00124,1,0.44753,0.55247,0.0,1,0.38929,0.60544,1,0.46395,0.49783,0.0,0.02858,1,0.51783,0.46937,1,0.53698,0.45623,1,0.64425,0.29638,1,0.5799,0.36881,0.04189,1,0.34138,0.64181,1,0.24183,0.51014,0.24474,1,0.33548,0.60201,0.04109,1,0.45896,0.48467,0.03711,1,0.34343,0.25301,0.27437,0.09737,1,0.34313,0.5639,0.06618,1,0.19435,0.67057,0.08451,1,0.39411,0.55461,1,0.4798,0.50074,1,0.18146,0.44594,0.34354,1,0.42879,0.53823,1,0.46703,0.50985,1,0.48882,0.50508,0.0061,1,0.47378,0.50915,1,0.38428,0.58659,1,0.50371,0.49629,1,0.461,0.539,1,0.27986,0.36204,0.34374,0.01436,1,0,0,0,1,0,0,0,1,0,0,0,1,0,0,0,1,0,0,1,0,0,0,0,1,0,0,0,1,0,0
Pennsylvania,1,0.47455,0.48174,0.02379,1,0.5196,0.46576,1,0.54466,0.44151,1,0.50924,0.48424,1,0.50599,0.46429,0.02104,1,0.49174,0.39972,0.09564,1,0.45146,0.36127,0.182,1,0.48387,0.50705,1,0.45989,0.53341,1,0.42476,0.49586,0.06422,1,0.50396,0.47732,1,0.39131,0.59113,1,0.47587,0.4402,0.07974,1,0.64921,0.34704,1,0.51059,0.48735,0.00206,1,0.43303,0.5649,0.00207,1,0.46852,0.52735,1,0.46917,0.50927,0.0,0.01477,1,0.51135,0.48357,1,0.53228,0.46334,1,0.56881,0.40842,1,0.45326,0.50838,0.03191,1,0.33885,0.65238,1,0.19078,0.65342,0.1434,1,0.27196,0.65757,0.03809,1,0.40221,0.54253,0.03287,1,0.3249,0.22448,0.36535,0.06866,1,0.35408,0.58841,0.02676,1,0.2733,0.67997,0.01768,1,0.3616,0.60745,1,0.36273,0.60979,1,0.45091,0.51446,0.00869,1,0.44772,0.52737,1,0.43456,0.52973,1,0.46575,0.50836,0.02363,1,0.48249,0.50618,1,0.37645,0.62065,1,0.47796,0.52204,1,0.48247,0.51753,1,0.03519,0.56257,0.37543,0.02682,1,0.50132,0.32007,0.17861,1,0.51197,0.4618,0.0219,1,0.46663,0.50281,0.03056,1,0.50501,0.48594,0.00905,1,0.49883,0.49999,1,0.51181,0.48819,0.0,0.0,1,0.57962,0.0,0.42038,1,0.66657,0.33343
Rhode Island,1,0.54407,0.38898,0.03177,1,0.62701,0.35244,1,0.62864,0.35058,1,0.59423,0.38671,1,0.60988,0.31912,0.06124,1,0.59713,0.26822,0.11203,1,0.47036,0.2902,0.23164,1,0.55638,0.43933,1,0.48017,0.51665,1,0.4767,0.37203,0.14377,1,0.55363,0.44081,1,0.46811,0.53001,1,0.64031,0.31782,0.04072,1,0.80869,0.19128,1,0.63628,0.36372,0.0,1,0.4174,0.58259,1e-05,1,0.49046,0.50889,1,0.57594,0.41436,0.0,0.00799,1,0.58593,0.41262,1,0.56728,0.43174,1,0.53101,0.4018,1,0.55079,0.43305,0.01179,1,0.50159,0.49547,1,0.36459,0.59627,0.0363,1,0.32779,0.63973,0.0259,1,0.45998,0.51082,0.0218,1,0.39043,0.35565,0.21668,0.0263,1,0.34163,0.60763,0.01888,1,0.36179,0.60599,0.01392,1,0.35036,0.59744,1,0.26392,0.68334,1,0.45748,0.50709,0.00429,1,0.42992,0.53879,1,0.37811,0.5807,1,0.3687,0.62237,0.00807,1,0.4023,0.59289,1,0.28056,0.71944,1,0.33509,0.66491,1,0.37759,0.62241,1,0.3863,0.6137,0.0,0.0,1,0.337,0.5785,0.0845,1,0.51367,0.44846,0.03787,1,0.32685,0.60771,0.06544,1,0.39582,0.59548,0.0087,1,0.3829,0.61223,1,0.52238,0.47762,0.0,0.0,1,0.43071,0.56929,0.0,1,0.22965,0.77035
South Carolina,1,0.40673,0.54939,0.0234,1,0.44088,0.54561,1,0.44897,0.53874,1,0.40903,0.57981,1,0.40905,0.56832,0.01465,1,0.43851,0.49889,0.05601,1,0.39876,0.48024,0.11548,1,0.37581,0.61505,1,0.35566,0.63553,1,0.48036,0.49569,0.0159,1,0.56171,0.43128,1,0.27921,0.70577,1,0.29609,0.38091,0.32299,1,0.41105,0.58894,1,0.51237,0.48762,0.0,1,0.45369,0.25184,0.29446,1,0.50722,0.49278,1,0.24144,0.03778,0.71969,0.00108,1,0.87643,0.04459,1,0.95631,0.04367,1,0.98574,0.01426,1,0.98027,0.01895,0.00079,1,0.91393,0.08539,1,0.96564,0.02213,0.01222,1,0.96051,0.03907,0.00042,1,0.96707,0.02424,0.00211,1,0.95937,0.01063,0.02565,0.00325,1,0.93837,0.05943,0.00151,1,0.95364,0.04634,0.0,1,0.92956,0.07044,1,0.85295,0.13509,1,0.77556,0.18928,0.03414,1,0.82283,0.17171,1,0.75254,0.23413,1,0.65513,0.34132,0.00334,1,0.49757,0.50243,1,0.23781,0.75734,1,0.42066,0.57934,1,0,0,1,0,0,0,0,1,0,0,0,1,0,0,0,1,0,0,0,1,0,0,0,1,0,0,1,0,0,0,0,1,0,0,0,1,0,0
South Dakota,1,0.31737,0.61531,0.05634,1,0.39866,0.57889,1,0.44747,0.53159,1,0.38444,0.59911,1,0.37564,0.60297,0.0,1,0.43027,0.46489,0.0965,1,0.37141,0.40659,0.21798,1,0.46506,0.5285,1,0.36529,0.63003,1,0.31692,0.60525,0.0654,1,0.48912,0.50388,1,0.45523,0.54154,1,0.41962,0.53274,0.04764,1,0.55612,0.44388,1,0.41786,0.58214,0.0,1,0.41615,0.58385,0.0,1,0.30728,0.69272,1,0.47041,0.51839,0.0,0.0112,1,0.41672,0.58328,1,0.42591,0.57409,1,0.54018,0.42495,1,0.63624,0.34396,0.00538,1,0.39203,0.60185,1,0.13349,0.49689,0.36963,1,0.1972,0.60741,0.0,1,0.45905,0.49803,0.02916,1,0.42074,0.0,0.50557,0.04008,1,0.35083,0.58842,0.0248,1,0.21667,0.71091,0.03095,1,0.41139,0.56729,1,0.49699,0.49478,1,0.12878,0.49477,0.37644,1,0,0,1,0,0,1,0,0,0,1,0,0,1,0,0,1,0,0,1,0,0,1,0,0,0,0,1,0,0,0,1,0,0,0,1,0,0,0,1,0,0,0,1,0,0,1,0,0,0,0,1,0,0,0,1,0,0
Tennessee,1,0.34716,0.60722,0.02807,1,0.39039,0.59422,1,0.41793,0.56848,1,0.42513,0.56812,1,0.47285,0.51149,0.00953,1,0.47999,0.4559,0.05592,1,0.47085,0.42433,0.10086,1,0.41546,0.5789,1,0.41572,0.5784,1,0.48408,0.48699,0.02225,1,0.55941,0.42942,1,0.29745,0.67696,1,0.2813,0.37849,0.34021,1,0.55505,0.44492,1,0.45775,0.52917,0.01308,1,0.48595,0.49211,0.02194,1,0.49712,0.49985,1,0.49139,0.36874,0.13414,0.00339,1,0.60449,0.39223,1,0.6725,0.32354,1,0.68782,0.30811,1,0.66488,0.32479,0.0046,1,0.4604,0.53756,1,0.52855,0.43544,0.03534,1,0.48191,0.51287,0.00522,1,0.56314,0.42699,0.00934,1,0.528,0.24004,0.21451,0.01415,1,0.52729,0.45873,0.00727,1,0.54234,0.43404,0.00558,1,0.53034,0.44953,1,0.52093,0.46333,1,0.51356,0.37834,0.09001,1,0.52256,0.45763,1,0.51454,0.47735,1,0.53263,0.44264,0.02473,1,0.5979,0.4021,1,0.5216,0.4784,1,0.31573,0.68427,1,0,0,1,0.07721,0.0,0.44555,0.47724,1,0.52181,0.0,0.47819,1,0.4927,0.5073,0.0,1,0.47477,0.52523,0.0,1,0.49949,0.50051,0.0,1,0.4434,0.5566,1,0.42076,0.0,0.57924,0.0,1,0.95422,0.04578,0.0,1,0.95186,0.04814
Texas,1,0.43235,0.52235,0.03161,1,0.41354,0.57126,1,0.43629,0.55384,1,0.38224,0.61086,1,0.37982,0.59299,0.02154,1,0.43832,0.48759,0.06746,1,0.37078,0.4056,0.22015,1,0.43349,0.55954,1,0.36114,0.63611,1,0.4142,0.55282,0.02458,1,0.51139,0.4797,1,0.33239,0.66199,1,0.41138,0.39873,0.18973,1,0.63316,0.36492,1,0.5052,0.48519,0.00961,1,0.43975,0.55259,0.00765,1,0.46688,0.53127,1,0.65961,0.24286,0.09105,0.00314,1,0.71423,0.16641,1,0.8092,0.18914,1,0.8708,0.12317,1,0.88062,0.11345,0.00515,1,0.481,0.51768,1,0.73703,0.19775,0.06522,1,0.59339,0.23536,0.01669,1,0.76925,0.17451,0.05091,1,0.72732,0.09454,0.08862,0.0825,1,0.73973,0.22354,0.02679,1,0.71451,0.21898,0.01193,1,0.63117,0.30833,1,0.67996,0.3075,1,0.56651,0.19222,0.23615,1,0.65699,0.24733,1,0.69261,0.28632,1,0.64713,0.2395,0.11337,1,0.70044,0.29956,1,0.57075,0.40712,1,0,0,1,0,0,1,0.0,0.0,0.7549,0.2451,1,0.66589,0.0,0.33411,1,0.73068,0.26932,0.0,1,0.70291,0.29709,0.0,1,0,0,0,1,0,0,1,0,0,0,0,1,0,0,0,1,0,0
Utah,1,0.27166,0.45053,0.03463,1,0.24667,0.72547,1,0.34168,0.62151,1,0.25996,0.71536,1,0.26345,0.6683,0.04651,1,0.33297,0.54371,0.09985,1,0.24652,0.4336,0.27336,1,0.32046,0.66219,1,0.24675,0.74502,1,0.20566,0.72769,0.05012,1,0.33649,0.62437,1,0.26393,0.6764,1,0.37075,0.56495,0.06367,1,0.54864,0.45136,1,0.45168,0.54805,0.00027,1,0.35439,0.64561,0.0,1,0.41075,0.58925,1,0.53981,0.45023,0.0,0.0097,1,0.60442,0.39421,1,0.62254,0.37588,1,0.69341,0.29793,1,0.56516,0.41047,0.01978,1,0.45857,0.53577,1,0.29939,0.49256,0.20805,1,0.3884,0.55925,0.02166,1,0.58783,0.37819,0.03116,1,0.32548,0.3746,0.2151,0.08029,1,0.39223,0.56188,0.04507,1,0.32864,0.61419,0.05672,1,0.48295,0.50584,1,0.82703,0.1727,1,0,0,0,1,0,0,1,0,0,1,0,0,0,1,0,0,1,0,0,1,0,0,1,0,0,1,0,0,0,0,1,0,0,0,1,0,0,0,1,0,0,0,1,0,0,0,1,0,0,1,0,0,0,0,1,0,0,0,1,0,0
Vermont,1,0.56678,0.30269,0.03199,1,0.66571,0.30973,1,0.67456,0.30449,1,0.58937,0.38801,1,0.50635,0.40697,0.06923,1,0.53354,0.3109,0.12004,1,0.46114,0.30418,0.22779,1,0.47579,0.51095,1,0.40812,0.57923,1,0.38409,0.44369,0.14896,1,0.43142,0.54342,1,0.36467,0.62665,1,0.43527,0.52751,0.03162,1,0.66299,0.33688,1,0.41349,0.58647,4e-05,1,0.27814,0.72161,0.00025,1,0.28234,0.7145,1,0.36924,0.61537,0.0,0.01037,1,0.42932,0.57057,1,0.44924,0.54781,1,0.43235,0.56388,1,0.41076,0.57661,0.01119,1,0.32872,0.66871,1,0.15667,0.78216,0.05795,1,0.23253,0.75824,0.0,1,0.3522,0.62427,0.01238,1,0.24433,0.37128,0.35218,0.01477,1,0.21822,0.7508,0.0,1,0.18843,0.77974,0.01655,1,0.22858,0.75729,1,0.16665,0.80077,1,0.29258,0.68091,0.00079,1,0.25649,0.69046,1,0.29176,0.66521,1,0.28148,0.69807,0.01876,1,0.31376,0.68302,1,0.20623,0.78294,1,0.21428,0.78572,1,0.23899,0.76101,1,0.19407,0.75861,0.04187,0.00487,1,0.20842,0.77956,0.01074,1,0.2972,0.50519,0.19642,1,0.22845,0.4827,0.28874,1,0.36964,0.54844,0.0813,1,0.3547,0.63902,1,0.4007,0.5993,0.0,0.0,1,0.24496,0.34711,0.40793,1,0.24768,0.75232
Virginia,1,0.49751,0.44428,0.0297,1,0.51156,0.47283,1,0.52629,0.46331,1,0.45484,0.53682,1,0.44436,0.52474,0.02168,1,0.45148,0.47105,0.06615,1,0.40593,0.44966,0.13626,1,0.39231,0.59735,1,0.37093,0.62287,1,0.40309,0.53033,0.05113,1,0.47958,0.49293,1,0.30122,0.67844,1,0.32493,0.43358,0.23638,1,0.53541,0.46181,1,0.46967,0.52437,0.00596,1,0.38362,0.55368,0.06269,1,0.43357,0.56325,1,0.47891,0.41042,0.1035,0.00488,1,0.62364,0.37387,1,0.68077,0.31552,1,0.70229,0.2939,1,0.68463,0.30085,0.00799,1,0.45896,0.53907,1,0.62484,0.32787,0.04641,1,0.61329,0.3786,0.00349,1,0.66772,0.32051,0.0069,1,0.65947,0.17002,0.15898,0.00599,1,0.60516,0.38356,0.00186,1,0.61843,0.36945,0.00155,1,0.55289,0.43817,1,0.52501,0.45942,1,0.56165,0.38701,0.042,1,0.49987,0.49459,1,0.51054,0.48901,1,0.60526,0.39474,0.0,1,0.59576,0.40424,1,0.49487,0.50467,1,0,0,1,0,0,1,0.09706,0.01131,0.44535,0.44629,1,0.59962,0.0,0.40038,1,0.55709,0.44291,0.0,1,0.50801,0.49199,0.0,1,0.53045,0.46955,0.0,1,0.50648,0.49352,1,0.56643,0.0,0.43348,0.0,1,0.7496,0.25034,7e-05,1,0.68991,0.31009
Washington,1,0.52539,0.36833,0.0485,1,0.55798,0.41026,1,0.57344,0.40259,1,0.52773,0.45598,1,0.50132,0.44555,0.04139,1,0.4984,0.37301,0.08918,1,0.43398,0.31956,0.23677,1,0.50048,0.48456,1,0.42855,0.55824,1,0.37316,0.49658,0.10622,1,0.46114,0.49998,1,0.3864,0.56915,1,0.47232,0.45121,0.07436,1,0.61966,0.37373,1,0.48269,0.50684,0.01047,1,0.45443,0.53909,0.00648,1,0.44694,0.54331,1,0.52611,0.42684,0.0,0.03502,1,0.56844,0.42237,1,0.58217,0.40578,1,0.66381,0.29883,1,0.57458,0.33936,0.02778,1,0.31302,0.67056,1,0.10163,0.52242,0.35756,1,0.21142,0.55964,0.02235,1,0.48134,0.43887,0.05984,1,0.26902,0.21823,0.35223,0.12433,1,0.31918,0.5768,0.0771,1,0.19358,0.69955,0.06905,1,0.41696,0.53436,1,0.5697,0.41838,1,0.33878,0.41446,0.21786,1,0,0,1,0,0,1,0,0,0,1,0,0,1,0,0,1,0,0,1,0,0,1,0,0,0,0,1,0,0,0,1,0,0,0,1,0,0,0,1,0,0,0,1,0,0,1,0,0,0,0,1,0,0,0,1,0,0
West Virginia,1,0.26177,0.67852,0.0319,1,0.3545,0.6214,1,0.4249,0.5558,1,0.432,0.56064,1,0.45593,0.51915,0.01648,1,0.51506,0.36757,0.11256,1,0.48412,0.35391,0.15917,1,0.52198,0.47461,1,0.44598,0.55112,1,0.49811,0.45303,0.04296,1,0.5807,0.4193,1,0.3639,0.6361,1,0.49601,0.40779,0.09621,1,0.67937,0.32063,1,0.52733,0.47267,0.0,1,0.45922,0.54078,0.0,1,0.51924,0.48076,1,0.57321,0.42237,0.0,0.00442,1,0.54888,0.45112,1,0.57099,0.42901,1,0.60556,0.39202,1,0.54469,0.44467,0.0069,1,0.4104,0.58429,1,0.44072,0.49452,0.06292,1,0.43297,0.55302,0.01102,1,0.4844,0.49378,0.02122,1,0.42108,0.21112,0.29428,0.05672,1,0.43168,0.53416,0.01425,1,0.42025,0.55262,0.00655,1,0.4475,0.54271,1,0.46829,0.52231,1,0.49373,0.46933,0.02436,1,0.49346,0.49028,1,0.50937,0.47748,1,0.50949,0.41053,0.07997,1,0.56746,0.42146,1,0.47276,0.51739,1,0.41171,0.58829,1,0.31763,0.68237,1,0,0,0,0,1,0,0,0,1,0,0,0,1,0,0,0,1,0,0,0,1,0,0,1,0,0,0,0,1,0,0,0,1,0,0
Wisconsin,1,0.46454,0.47218,0.03584,1,0.52828,0.45885,1,0.56218,0.42314,1,0.497,0.4932,1,0.47833,0.47613,0.0362,1,0.48811,0.38477,0.10352,1,0.41131,0.36776,0.21511,1,0.51414,0.47796,1,0.4502,0.54195,1,0.4318,0.47899,0.07067,1,0.49503,0.47826,1,0.43725,0.53399,1,0.44268,0.47885,0.07557,1,0.62089,0.3774,1,0.48049,0.51772,0.00179,1,0.37842,0.61581,0.00577,1,0.38708,0.60953,1,0.50698,0.46284,0.0,0.0198,1,0.48569,0.5037,1,0.50147,0.48324,1,0.63802,0.30259,1,0.63456,0.31193,0.04788,1,0.44281,0.5352,1,0.08101,0.3706,0.53956,1,0.16174,0.71095,0.11498,1,0.42798,0.49386,0.0618,1,0.4106,0.32651,0.15613,0.0837,1,0.36674,0.54517,0.06194,1,0.28009,0.63214,0.06368,1,0.35969,0.60059,1,0.36996,0.59931,1,0.47722,0.46047,0.02696,1,0.43775,0.49787,1,0.4579,0.50381,1,0.42908,0.54044,0.02989,1,0.48187,0.50575,1,0.44969,0.54598,1,0.43751,0.56249,1,0.44116,0.55884,1,0.42726,0.56585,0.00584,0.00106,1,0.44216,0.553,0.00484,1,0.52036,0.34337,0.13627,1,0.38301,0.35099,0.266,1,0,0,0,1,0,0,1,0,0,0,0,1,0,0,0,1,0,0
Wyoming,1,0.21877,0.68173,0.05193,1,0.27819,0.68643,1,0.32541,0.64776,1,0.29075,0.68862,1,0.27699,0.67757,0.02118,1,0.36836,0.49812,0.12255,1,0.33974,0.3955,0.25552,1,0.38013,0.6053,1,0.28243,0.7051,1,0.2797,0.62644,0.06831,1,0.39809,0.59304,1,0.30472,0.69014,1,0.35512,0.55758,0.0873,1,0.56558,0.43442,1,0.44985,0.55015,0.0,1,0.39922,0.60078,0.0,1,0.37086,0.62705,1,0.51618,0.47273,0.0,0.00918,1,0.48766,0.51234,1,0.52822,0.46893,1,0.60575,0.37472,1,0.56074,0.40823,0.02918,1,0.3537,0.63678,1,0.16105,0.52388,0.31507,1,0.31863,0.64152,0.0,1,0.54622,0.41856,0.02803,1,0.36197,0.34424,0.21827,0.06525,1,0.39666,0.55428,0.0456,1,0.2908,0.66722,0.03491,1,0.41171,0.58662,1,0.51493,0.47753,1,0.0,0.50517,0.46143,1,0,0,1,0,0,1,0,0,0,1,0,0,1,0,0,1,0,0,1,0,0,1,0,0,0,0,1,0,0,0,1,0,0,0,1,0,0,0,1,0,0,0,1,0,0,1,0,0,0,0,1,0,0,0,1,0,0
Washington DC,1,0.90864,0.04087,0.01576,1,0.90913,0.07278,1,0.92457,0.06533,1,0.89184,0.0934,1,0.85155,0.08952,0.05238,1,0.8519,0.09336,0.01944,1,0.84641,0.09095,0.04254,1,0.82647,0.14304,1,0.85385,0.1373,1,0.74893,0.13407,0.09277,1,0.81631,0.1651,1,0.78097,0.21555,1,0.81819,0.18181,0.0,1,0.85498,0.14502,1,0,0,0,1,0,0,0,1,0,0,1,0,0,0,0,1,0,0,1,0,0,1,0,0,1,0,0,0,1,0,0,1,0,0,0,1,0,0,0,1,0,0,0,1,0,0,0,0,1,0,0,0,1,0,0,0,1,0,0,1,0,0,1,0,0,0,1,0,0,1,0,0,1,0,0,0,1,0,0,1,0,0,1,0,0,1,0,0,1,0,0,0,0,1,0,0,0,1,0,0,0,1,0,0,0,1,0,0,0,1,0,0,1,0,0,0,0,1,0,0,0,1,0,0
